<core:FragmentDefinition xmlns:core="sap.ui.core" xmlns="sap.m">
    <Table id="idTable" itemPress="onItemPress" items="{/suppliers}">
        <headerToolbar>
            <Toolbar>
                <ToolbarSpacer></ToolbarSpacer>
                <Button icon="sap-icon://filter" tooltip="Filter Supplier" press="onFilterSupplier" />
            </Toolbar>
        </headerToolbar>
        <columns>
            <Column>
                <header><Text text="Supplier Name" /></header>
            </Column>
            <Column>
                <header><Text text="Contact" /></header>
            </Column>
            <Column minScreenWidth="Tablet">
                <header><Text text="Since When" /></header>
            </Column>
            <Column minScreenWidth="Tablet" demandPopin="true">
                <header><Text text="City" /></header>
            </Column>
        </columns>
        <items>
            <ColumnListItem type="Navigation">
                <cells>
                    <Text text="{name}" />
                    <Text text="{contactPerson}" />
                    <Text text="{sinceWhen}" />
                    <Input value="{city}" showValueHelp="true" valueHelpRequest="onF4" />
                </cells>
            </ColumnListItem>
        </items>
    </Table>
</core:FragmentDefinition>